signature,tissue,mapping,doi,source_table,symbol_published,symbol_current,ensembl_id,note
ory2026_shared,shared,shared,10.1038/s41598-026-53030-4,Table S2,ANKS1B,ANKS1B,,
ory2026_shared,shared,shared,10.1038/s41598-026-53030-4,Table S2,GABRB2,GABRB2,,
ory2026_shared,shared,shared,10.1038/s41598-026-53030-4,Table S2,GPM6A,GPM6A,,
ory2026_shared,shared,shared,10.1038/s41598-026-53030-4,Table S2,SH2D4A,SH2D4A,,
ory2026_shared,shared,shared,10.1038/s41598-026-53030-4,Table S2,SYTL5,SYTL5,,
ory2026_shared,shared,shared,10.1038/s41598-026-53030-4,Table S2,ASB16,ASB16,,
ory2026_shared,shared,shared,10.1038/s41598-026-53030-4,Table S2,CDC42P3,CDC42P3,,
ory2026_shared,shared,shared,10.1038/s41598-026-53030-4,Table S2,CTNND2,CTNND2,,
ory2026_shared,shared,shared,10.1038/s41598-026-53030-4,Table S2,IGIP,IGIP,,
ory2026_shared,shared,shared,10.1038/s41598-026-53030-4,Table S2,ITGA5,ITGA5,,
ory2026_shared,shared,shared,10.1038/s41598-026-53030-4,Table S2,MTLN,MTLN,,
ory2026_shared,shared,shared,10.1038/s41598-026-53030-4,Table S2,NARF,NARF,,
ory2026_shared,shared,shared,10.1038/s41598-026-53030-4,Table S2,NOTCH1,NOTCH1,,
ory2026_shared,shared,shared,10.1038/s41598-026-53030-4,Table S2,NUDT11,NUDT11,,
ory2026_shared,shared,shared,10.1038/s41598-026-53030-4,Table S2,PPP4R4,PPP4R4,,
ory2026_shared,shared,shared,10.1038/s41598-026-53030-4,Table S2,RAB41,RAB41,,
ory2026_shared,shared,shared,10.1038/s41598-026-53030-4,Table S2,RPAIN,RPAIN,,
ory2026_shared,shared,shared,10.1038/s41598-026-53030-4,Table S2,SMIM5,SMIM5,,
ory2026_shared,shared,shared,10.1038/s41598-026-53030-4,Table S2,SORCS1,SORCS1,,
ory2026_shared,shared,shared,10.1038/s41598-026-53030-4,Table S2,TMEM140,TMEM140,,
ory2026_shared,shared,shared,10.1038/s41598-026-53030-4,Table S2,TMEM185A,TMEM185A,,
ory2026_shared,shared,shared,10.1038/s41598-026-53030-4,Table S2,TNFAIP6,TNFAIP6,,
ory2026_shared,shared,shared,10.1038/s41598-026-53030-4,Table S2,TSIX,TSIX,,
ory2026_shared,shared,shared,10.1038/s41598-026-53030-4,Table S2,UFSP1,UFSP1,,
ory2026_shared,shared,shared,10.1038/s41598-026-53030-4,Table S2,XCL1,XCL1,,
ory2026_shared,shared,shared,10.1038/s41598-026-53030-4,Table S2,ATP5MF,ATP5MF,,
ory2026_shared,shared,shared,10.1038/s41598-026-53030-4,Table S2,CIAO2B,CIAO2B,,
ory2026_shared,shared,shared,10.1038/s41598-026-53030-4,Table S2,CYYR1-AS1,CYYR1-AS1,,
ory2026_shared,shared,shared,10.1038/s41598-026-53030-4,Table S2,FAM133CP,FAM133CP,,
ory2026_shared,shared,shared,10.1038/s41598-026-53030-4,Table S2,GET3,GET3,,
ory2026_shared,shared,shared,10.1038/s41598-026-53030-4,Table S2,HARS1,HARS1,,
ory2026_shared,shared,shared,10.1038/s41598-026-53030-4,Table S2,KRT86,KRT86,,
ory2026_shared,shared,shared,10.1038/s41598-026-53030-4,Table S2,LACTB2-AS1,LACTB2-AS1,,
ory2026_shared,shared,shared,10.1038/s41598-026-53030-4,Table S2,LRRC19,LRRC19,,
ory2026_shared,shared,shared,10.1038/s41598-026-53030-4,Table S2,LSM10,LSM10,,
ory2026_shared,shared,shared,10.1038/s41598-026-53030-4,Table S2,MORF4L2-AS1,MORF4L2-AS1,,
ory2026_shared,shared,shared,10.1038/s41598-026-53030-4,Table S2,MRPL27,MRPL27,,
ory2026_shared,shared,shared,10.1038/s41598-026-53030-4,Table S2,MRPL52,MRPL52,,
ory2026_shared,shared,shared,10.1038/s41598-026-53030-4,Table S2,MYSM1,MYSM1,,
ory2026_shared,shared,shared,10.1038/s41598-026-53030-4,Table S2,NFYC-AS1,NFYC-AS1,,
ory2026_shared,shared,shared,10.1038/s41598-026-53030-4,Table S2,NOP10,NOP10,,
ory2026_shared,shared,shared,10.1038/s41598-026-53030-4,Table S2,NTHL1,NTHL1,,
ory2026_shared,shared,shared,10.1038/s41598-026-53030-4,Table S2,PDAP1,PDAP1,,
ory2026_shared,shared,shared,10.1038/s41598-026-53030-4,Table S2,PDC-AS1,PDC-AS1,,
ory2026_shared,shared,shared,10.1038/s41598-026-53030-4,Table S2,PRSS37,PRSS37,,
ory2026_shared,shared,shared,10.1038/s41598-026-53030-4,Table S2,SENP3,SENP3,,
ory2026_shared,shared,shared,10.1038/s41598-026-53030-4,Table S2,SPSB3,SPSB3,,
ory2026_shared,shared,shared,10.1038/s41598-026-53030-4,Table S2,TPI1,TPI1,,
ory2026_shared,shared,shared,10.1038/s41598-026-53030-4,Table S2,URM1,URM1,,
ory2026_shared,shared,shared,10.1038/s41598-026-53030-4,Table S2,USE1,USE1,,
ory2026_normal,normal,direct,10.1038/s41598-026-53030-4,Table S4,AVEN,AVEN,,
ory2026_normal,normal,direct,10.1038/s41598-026-53030-4,Table S4,DNAJC27-AS1,DNAJC27-AS1,,
ory2026_normal,normal,direct,10.1038/s41598-026-53030-4,Table S4,IQCD,IQCD,,
ory2026_normal,normal,direct,10.1038/s41598-026-53030-4,Table S4,LINC00310,LINC00310,,
ory2026_normal,normal,direct,10.1038/s41598-026-53030-4,Table S4,SFT2D2,SFT2D2,,
ory2026_normal,normal,direct,10.1038/s41598-026-53030-4,Table S4,SNORA59A,SNORA59A,,
ory2026_normal,normal,direct,10.1038/s41598-026-53030-4,Table S4,SPEN-AS1,SPEN-AS1,,not present in GENCODE v36 annotation
ory2026_normal,normal,direct,10.1038/s41598-026-53030-4,Table S4,SPINK5,SPINK5,,
ory2026_normal,normal,direct,10.1038/s41598-026-53030-4,Table S4,STX11,STX11,,
ory2026_normal,normal,direct,10.1038/s41598-026-53030-4,Table S4,TMEM185A,TMEM185A,,
ory2026_normal,normal,direct,10.1038/s41598-026-53030-4,Table S4,AHNAK2,AHNAK2,,
ory2026_normal,normal,direct,10.1038/s41598-026-53030-4,Table S4,ALDH1A1,ALDH1A1,,
ory2026_normal,normal,direct,10.1038/s41598-026-53030-4,Table S4,ATRNL1,ATRNL1,,
ory2026_normal,normal,direct,10.1038/s41598-026-53030-4,Table S4,BCL2,BCL2,,
ory2026_normal,normal,direct,10.1038/s41598-026-53030-4,Table S4,CERS5,CERS5,,
ory2026_normal,normal,direct,10.1038/s41598-026-53030-4,Table S4,CREB5,CREB5,,
ory2026_normal,normal,direct,10.1038/s41598-026-53030-4,Table S4,DOCK9,DOCK9,,
ory2026_normal,normal,direct,10.1038/s41598-026-53030-4,Table S4,DST,DST,,
ory2026_normal,normal,direct,10.1038/s41598-026-53030-4,Table S4,ENDOD1,ENDOD1,,
ory2026_normal,normal,direct,10.1038/s41598-026-53030-4,Table S4,FAT2,FAT2,,
ory2026_normal,normal,direct,10.1038/s41598-026-53030-4,Table S4,GABBR2,GABBR2,,
ory2026_normal,normal,direct,10.1038/s41598-026-53030-4,Table S4,ITGB1BP1,ITGB1BP1,,
ory2026_normal,normal,direct,10.1038/s41598-026-53030-4,Table S4,MID1IP1,MID1IP1,,
ory2026_normal,normal,direct,10.1038/s41598-026-53030-4,Table S4,MTUS1,MTUS1,,
ory2026_normal,normal,direct,10.1038/s41598-026-53030-4,Table S4,MYH10,MYH10,,
ory2026_normal,normal,direct,10.1038/s41598-026-53030-4,Table S4,NOX4,NOX4,,
ory2026_normal,normal,direct,10.1038/s41598-026-53030-4,Table S4,PCAT14,PCAT14,,
ory2026_normal,normal,direct,10.1038/s41598-026-53030-4,Table S4,PCDHGA10,PCDHGA10,,
ory2026_normal,normal,direct,10.1038/s41598-026-53030-4,Table S4,PMEPA1,PMEPA1,,
ory2026_normal,normal,direct,10.1038/s41598-026-53030-4,Table S4,PMP22,PMP22,,
ory2026_normal,normal,direct,10.1038/s41598-026-53030-4,Table S4,PPP4R4,PPP4R4,,
ory2026_normal,normal,direct,10.1038/s41598-026-53030-4,Table S4,PXDN,PXDN,,
ory2026_normal,normal,direct,10.1038/s41598-026-53030-4,Table S4,RHOV,RHOV,,
ory2026_normal,normal,direct,10.1038/s41598-026-53030-4,Table S4,S100A10,S100A10,,
ory2026_normal,normal,direct,10.1038/s41598-026-53030-4,Table S4,SLC2A12,SLC2A12,,
ory2026_normal,normal,direct,10.1038/s41598-026-53030-4,Table S4,SORCS1,SORCS1,,
ory2026_normal,normal,direct,10.1038/s41598-026-53030-4,Table S4,TESC,TESC,,
ory2026_normal,normal,direct,10.1038/s41598-026-53030-4,Table S4,TMEM100,TMEM100,,
ory2026_normal,normal,direct,10.1038/s41598-026-53030-4,Table S4,TNFAIP6,TNFAIP6,,
ory2026_normal,normal,direct,10.1038/s41598-026-53030-4,Table S4,TRIB3,TRIB3,,
ory2026_normal,normal,direct,10.1038/s41598-026-53030-4,Table S4,TRNP1,TRNP1,,
ory2026_normal,normal,direct,10.1038/s41598-026-53030-4,Table S4,TRPC5,TRPC5,,
ory2026_normal,normal,direct,10.1038/s41598-026-53030-4,Table S4,TRPM3,TRPM3,,
ory2026_normal,normal,direct,10.1038/s41598-026-53030-4,Table S4,UXS1,UXS1,,
ory2026_normal,normal,direct,10.1038/s41598-026-53030-4,Table S4,ZNF536,ZNF536,,
ory2026_tumor,tumor,direct,10.1038/s41598-026-53030-4,Table S6,ABCA17P,ABCA17P,,
ory2026_tumor,tumor,direct,10.1038/s41598-026-53030-4,Table S6,BMF,BMF,,
ory2026_tumor,tumor,direct,10.1038/s41598-026-53030-4,Table S6,CCDC125,CCDC125,,
ory2026_tumor,tumor,direct,10.1038/s41598-026-53030-4,Table S6,EGLN3,EGLN3,,
ory2026_tumor,tumor,direct,10.1038/s41598-026-53030-4,Table S6,FJX1,FJX1,,
ory2026_tumor,tumor,direct,10.1038/s41598-026-53030-4,Table S6,FRAT2,FRAT2,,
ory2026_tumor,tumor,direct,10.1038/s41598-026-53030-4,Table S6,GRIN2A,GRIN2A,,
ory2026_tumor,tumor,direct,10.1038/s41598-026-53030-4,Table S6,GTF2H2B,GTF2H2B,,
ory2026_tumor,tumor,direct,10.1038/s41598-026-53030-4,Table S6,HAP1,HAP1,,
ory2026_tumor,tumor,direct,10.1038/s41598-026-53030-4,Table S6,INIP,INIP,,
ory2026_tumor,tumor,direct,10.1038/s41598-026-53030-4,Table S6,KIF9,KIF9,,
ory2026_tumor,tumor,direct,10.1038/s41598-026-53030-4,Table S6,MCTS2,MCTS2,,not present in GENCODE v36 annotation
ory2026_tumor,tumor,direct,10.1038/s41598-026-53030-4,Table S6,MSL3P1,MSL3P1,,
ory2026_tumor,tumor,direct,10.1038/s41598-026-53030-4,Table S6,ODC1-DT,ODC1-DT,,
ory2026_tumor,tumor,direct,10.1038/s41598-026-53030-4,Table S6,P2RY1,P2RY1,,
ory2026_tumor,tumor,direct,10.1038/s41598-026-53030-4,Table S6,PCDH11Y,PCDH11Y,,
ory2026_tumor,tumor,direct,10.1038/s41598-026-53030-4,Table S6,PLAAT5,PLAAT5,,
ory2026_tumor,tumor,direct,10.1038/s41598-026-53030-4,Table S6,PLCH1,PLCH1,,
ory2026_tumor,tumor,direct,10.1038/s41598-026-53030-4,Table S6,PLCXD1,PLCXD1,,
ory2026_tumor,tumor,direct,10.1038/s41598-026-53030-4,Table S6,PLK2,PLK2,,
ory2026_tumor,tumor,direct,10.1038/s41598-026-53030-4,Table S6,RBP1,RBP1,,
ory2026_tumor,tumor,direct,10.1038/s41598-026-53030-4,Table S6,RPAIN,RPAIN,,
ory2026_tumor,tumor,direct,10.1038/s41598-026-53030-4,Table S6,SCN9A,SCN9A,,
ory2026_tumor,tumor,direct,10.1038/s41598-026-53030-4,Table S6,SMIM11,SMIM11A,,GENCODE v36 symbol; source Entrez Gene 54065
ory2026_tumor,tumor,direct,10.1038/s41598-026-53030-4,Table S6,SNORD47,SNORD47,,not present in GENCODE v36 annotation
ory2026_tumor,tumor,direct,10.1038/s41598-026-53030-4,Table S6,TFAP4,TFAP4,,
ory2026_tumor,tumor,direct,10.1038/s41598-026-53030-4,Table S6,TMC7,TMC7,,
ory2026_tumor,tumor,direct,10.1038/s41598-026-53030-4,Table S6,TSSK3,TSSK3,,
ory2026_tumor,tumor,direct,10.1038/s41598-026-53030-4,Table S6,UBE2Q1,UBE2Q1,,
ory2026_tumor,tumor,direct,10.1038/s41598-026-53030-4,Table S6,ACMSD,ACMSD,,
ory2026_tumor,tumor,direct,10.1038/s41598-026-53030-4,Table S6,AP5Z1,AP5Z1,,
ory2026_tumor,tumor,direct,10.1038/s41598-026-53030-4,Table S6,ARID5A,ARID5A,,
ory2026_tumor,tumor,direct,10.1038/s41598-026-53030-4,Table S6,B3GALNT1,B3GALNT1,,
ory2026_tumor,tumor,direct,10.1038/s41598-026-53030-4,Table S6,BECN1,BECN1,,
ory2026_tumor,tumor,direct,10.1038/s41598-026-53030-4,Table S6,C6orf47,C6orf47,,
ory2026_tumor,tumor,direct,10.1038/s41598-026-53030-4,Table S6,CELF6,CELF6,,
ory2026_tumor,tumor,direct,10.1038/s41598-026-53030-4,Table S6,CTAGE6,CTAGE6,,
ory2026_tumor,tumor,direct,10.1038/s41598-026-53030-4,Table S6,CYP39A1,CYP39A1,,
ory2026_tumor,tumor,direct,10.1038/s41598-026-53030-4,Table S6,DMRTA1,DMRTA1,,
ory2026_tumor,tumor,direct,10.1038/s41598-026-53030-4,Table S6,EHD4,EHD4,,
ory2026_tumor,tumor,direct,10.1038/s41598-026-53030-4,Table S6,GRM8,GRM8,,
ory2026_tumor,tumor,direct,10.1038/s41598-026-53030-4,Table S6,HERC2P7,HERC2P7,ENSG00000281909,explicit Ensembl mapping resolves duplicated GENCODE symbol
ory2026_tumor,tumor,direct,10.1038/s41598-026-53030-4,Table S6,IL3RA,IL3RA,,
ory2026_tumor,tumor,direct,10.1038/s41598-026-53030-4,Table S6,KCNE2,KCNE2,,
ory2026_tumor,tumor,direct,10.1038/s41598-026-53030-4,Table S6,KCTD5,KCTD5,,
ory2026_tumor,tumor,direct,10.1038/s41598-026-53030-4,Table S6,LRRC39,LRRC39,,
ory2026_tumor,tumor,direct,10.1038/s41598-026-53030-4,Table S6,LRRC9,LRRC9,,
ory2026_tumor,tumor,direct,10.1038/s41598-026-53030-4,Table S6,MED14OS,MED14OS,,
ory2026_tumor,tumor,direct,10.1038/s41598-026-53030-4,Table S6,MORF4L2-AS1,MORF4L2-AS1,,
ory2026_tumor,tumor,direct,10.1038/s41598-026-53030-4,Table S6,MTA2,MTA2,,
ory2026_tumor,tumor,direct,10.1038/s41598-026-53030-4,Table S6,NAGA,NAGA,,
ory2026_tumor,tumor,direct,10.1038/s41598-026-53030-4,Table S6,ORAI1,ORAI1,,
ory2026_tumor,tumor,direct,10.1038/s41598-026-53030-4,Table S6,PLSCR2,PLSCR2,,
ory2026_tumor,tumor,direct,10.1038/s41598-026-53030-4,Table S6,PPP1R11,PPP1R11,,
ory2026_tumor,tumor,direct,10.1038/s41598-026-53030-4,Table S6,PRSS37,PRSS37,,
ory2026_tumor,tumor,direct,10.1038/s41598-026-53030-4,Table S6,SERPINE1,SERPINE1,,
ory2026_tumor,tumor,direct,10.1038/s41598-026-53030-4,Table S6,SMCO3,SMCO3,,
ory2026_tumor,tumor,direct,10.1038/s41598-026-53030-4,Table S6,SNRPB,SNRPB,,
ory2026_tumor,tumor,direct,10.1038/s41598-026-53030-4,Table S6,SUV39H2,SUV39H2,,
ory2026_tumor,tumor,direct,10.1038/s41598-026-53030-4,Table S6,USP50,USP50,,
ory2026_tumor,tumor,direct,10.1038/s41598-026-53030-4,Table S6,VXN,VXN,,
ory2026_tumor,tumor,direct,10.1038/s41598-026-53030-4,Table S6,XRRA1,XRRA1,,
ory2026_tumor,tumor,direct,10.1038/s41598-026-53030-4,Table S6,ZNF391,ZNF391,,
ory2026_tumor,tumor,direct,10.1038/s41598-026-53030-4,Table S6,ZNF625,ZNF625,,
