"category","dose-zero","Low-AS","Mid-AS","High-AS","exposed, outside strata","total"
"CCDC6-RET","9 (9)","9 (6)","12 (10)","10 (8)","—","40 (33)"
"NCOA4-RET","2 (2)","5 (5)","4 (2)","4 (4)","—","15 (13)"
"Other RET fusion partner","5 (4)","5 (4)","4 (4)","4 (4)","—","18 (16)"
"RET fusion-positive stratum, subtotal","16 (15)","19 (15)","20 (16)","18 (16)","—","73 (62)"
"BRAF V600E stratum (no co-occurring candidate driver mutation)","33 (29)","76 (70)","56 (52)","10 (10)","—","175 (161)"
"BRAF V600E with a co-occurring candidate driver mutation","2 (2)","—","—","—","13 (11)","15 (13)"
"Other designated driver","28 (26)","—","—","—","138 (120)","166 (146)"
"No designated driver","2 (2)","—","—","—","9 (8)","11 (10)"
"All cases","81 (74)","95 (85)","76 (68)","28 (26)","160 (139)","440 (392)"
